address,value
0x0cE98350b9Dea81fe0b47DBC4787a1E9f8F1D7ff,10
0x005B40Bc7E2a68Dde6e97604Dd99e795A033F614,5
0x128ad42b82C752C5b4C7f679231d8956c98038Eb,1
0xB735AF7ae1a77D1EC764C862C2C09bdBf2B34B27,1
0x3DF7131fBd4f6b27Be8317C69E41817498E1BC0C,1
0xfD22004806A6846EA67ad883356be810F0428793,1
0x0150B0ec3c7b72879FbfdbDD79c18a8368B194E0,1
0x0150B0ec3c7b72879FbfdbDD79c18a8368B194E0,1
0xB5Faa92271f3f4DFC7A83607603E19355a013527,1
0xD387A6E4e84a6C86bd90C158C6028A58CC8Ac459,1
0x6D8dEC3fD68D94a7189A98346EA52B4D32e00012,1
0x3f358b4e54385ba4fc8dd9ea718d360db5c7fda5,1
0xB7187511A0A0F5A63a538B7Bc0Abdd1a01979848,1
0x247E0C58c66235a2599e736a24F3ce0b5C651eD0,1
0x40A605C69Cfc12a5f164188a1E2b5CfFe3f381eD,1
0x75535Cf8F96096d3e5A0121dd5831DCAfF8AF785,1
0x6C40798acAeC7502C3D276cFb4E79423571A5b0a,1
0x7d544a853DbcD39a53315E7002F4951a6D2F080d,1
0xAb4273E7137F9531FCB47D558D9bab0e726E6937,1
0xd7342eA20A5AfbF24352B5Ca61e09844167914CB,1
0xf1e1c701b49b1dc2405a9e8ef40f9f88802b80fa,1
0x564A8E13D7DD23D5525160D204165BDBCb69B4dB,1
0xc704389A3f999F325d568Df1Ab676d4B750F7C37,1
0xB27Ef7117Aa0B6aa34e051221A1932dE261426c1,1
0xF1e1c701B49B1dC2405A9E8Ef40f9f88802B80Fa,1
0x18e7c0e8a28822b390b7e076eb712c0850409c41,1
0x71eece7c9a6e68bed5ca071046cdccec20ff9808,1
0x721934050856add2a2eb309ddee1b0f54bb72c2d,1
0x6079696f3d9fc53ba8350d8db44e048e6a3814b1,1
0x403afdf9ea925d3b48e719a44610da1679a57651,1
0x09b2f0988b6d24336b348c84c2764d2b4f85142f,1
0xb67a577a1855dc3a43df1d94b05a8f5d29570f89,1
0x40a605c69cfc12a5f164188a1e2b5cffe3f381ed,1
0xfa977a0125c16a658a59ca1e59c7c48d58142226,1
0xda9e817a9d8a41b18252ebd0d77b38739ef8df23,1
0xa6ddbccdbf36bf20e499afb82e6a8aade59e8af2,1
0xe365aba924c6105da509fca843c783132bd6c113,1
0x6c0e639dcfc73e810bf66c90a9005d4ebd8a7e5d,1
0xd387a6e4e84a6c86bd90c158c6028a58cc8ac459,1
0xB7187511A0A0F5A63a538B7Bc0Abdd1a01979848,1
0xce8ad80ce1a979381d209ac230d02adafb9fa897,1
0x20ebf9ae7c66da763fc1ce86062ce883389c8e23,1
0x0150b0ec3c7b72879fbfdbdd79c18a8368b194e0,1
0xdffd6968900b3f4f667b69c5f9df65d9d7796a1c,1
0xe25b24cebed3055236e369570a437a99e1d32602,1
0x5663d7d0751db1a80f01d6974e02036b6d44d56a,1
0xc18d4c2fee42accfe7bfdce98bfacbabf76242e9,1
0x886478d3cf9581b624cb35b5446693fc8a58b787,1
0x1d522bd33cdd1f60be71b0b7b2efe4e9f20a5263,1
0x862464bbd83d5743f9cf873c6ea3d187d0f909bf,1
0xd1afbe4da2a5adc6faf30fcbea9e4eea0ba8c70a,1
0xc7bb15c11595c877302ddfb330a4082d92f5bcd7,1
0xbbc37f68e9876d64b2c55016081528ae0a85d8b2,1
0x0b9f898921b2bb8cd2d7d30faffec2c90200cc8c,1
0x69cb3b1de24e08f1cfc2994171b6c6930498f750,1
0x7bb3fad216678a47caeed210123fc9e9e263030e,1
0x8be5a2df6488b0937299d27f092716f4a9ab2fd8,1
0x2a42cf4e1cfc33850fd8d8da24f86cd89b82ad95,1
0xbf270918afe2ad16093ddce904fc358ad337cefa,1
0xc97cfd2c3a3e61316e931b784bde21e61ce15b82,1
0x9446ca49d384f18657bd41060bf6cae024f16fc3,1
0x0d083590c048a243e24a75e3a7c968145de25b44,1
0x99f230a1a61044cf092d0c9cdea53b36f6a18904,1
0x7024ee7932e4d879409f9618b560cc82cf093a7a,1
0x569ff93aec513dac5b818714268c4b1e49abcc40,1
0x506c23d8882b3768f7b410c3fb2d525b1d7cc466,1
0x9387f71f3928ebe9ce8b3d8cf37a8fb52739ae7d,1
0xc939a858b2bddd81d8b616e14c901a2aa06b3235,1
0xe8c9333d6ba367ebd7ed1afd83088b5b5ea15d84,1
0x50839a4b28af1e66596345d1ced0dfe45b863608,1
0x8e22df65a6cebf6709e1ca7f44c544a1c2fb5bad,1
0xf42dee9230dade4c244b8d72a5f1eb2cb91f242a,1
0x467a1b053c034aef04c3887feed9a411f784bfe8,1
0x29059f184faa0a32c83971c8951829c8be27d3f3,1
0x6d5d4fb55c61019c5eb9236c3da58c774b8232d1,1
0x72b3bae18443b527e170c8a0962fda643cc6b809,1
0x7bb09046c5835b3e7ee83c3fddb51b0ac51bae7c,1
0x50a9f0f42ecde1df805b1ba6e885881accef049e,1
0xaa1e92ddd28c835fe66689771d35f38947950fd4,1
0xfa1b7919dc5499fabad027ef86dedaee2f5a147c,1
0x5feadf8ef647da7f07584b3d33fcd565b79359a4,1
0xa309e257db5c325e4b83510fcc950449447e6bda,1
0x09b2f0988b6d24336b348c84c2764d2b4f85142f,1
0x5f312df04b19979ef4bd5876737cfa481a928c0d,1
0xc2e8ed8cc0be70f91fc9aa903d5f4538719d7dec,1
0x1feb5b84f4e4845ff98d016fba3f00b2e19677d3,1
0x847c1b4f34e93d2ae81b9d099c3e52f53d9abea2,1
0x50d086175cc14fa5ae008591d72a93cf22b48e32,1
0xc7d2d152dda8cf7a7860288c3db9a1a4ce29162b,1
0x4327a9667a4e25f7e0b3482f3321bb286182f992,1
0x95722d15041f50fe9135962cc87042b4d6dab382,1
0x5ffd8de19910efff95df729c54699aebcee8f747,1
0xbd6006b93f10b484d22d5a9d4e17bfd0ade4f614,1
0x9ad5a46017ea55bf885cd34969c58d05d6925a5c,1
